Identifier;Recipe;Timestamp;Measurement speed [mm/s];Measuring distance [mm];Step size [mm];Measuring position [mm];Direction
252432;18 LT - LFG;06/03/2023 08:18;0.24;21.61;0.12;2,095;Upward

ID;252432
Gravimetric density;0.000000
Max. left;1,050.955802
Max. right;959.744460
Min. density;547.324175
Max. pos. left;0.351792
Max. pos. right;18.966589
Min. pos. density;5.085900
Mean density;608.050442
Min./Mean density;90.012956
Opt. sanding thickness;18.614798
Symmetry S.L.;1.489346
Symmetry S.L./Trans.;2.362011
Raw density gradient;1.590983

Position [mm];Density [kg/m³]
-0.954863;148.105848
-0.944812;148.592553
-0.934760;149.102027
-0.924709;149.634270
-0.914658;150.189283
-0.904607;150.767066
-0.894556;151.367617
-0.884504;151.990938
-0.874453;152.637029
-0.864402;153.292390
-0.854351;153.965254
-0.844300;154.655619
-0.834248;155.363486
-0.824197;156.095851
-0.814146;156.857652
-0.804095;157.648889
-0.794044;158.469562
-0.783993;159.319672
-0.773941;160.199218
-0.763890;161.108200
-0.753839;162.046618
-0.743788;163.022538
-0.733737;164.036866
-0.723685;165.089602
-0.713634;166.180745
-0.703583;167.305110
-0.693532;168.475044
-0.683481;169.690546
-0.673430;170.951616
-0.663378;172.250465
-0.653327;173.587092
-0.643276;174.954502
-0.633225;176.351295
-0.623174;177.782245
-0.613122;179.255830
-0.603071;180.772050
-0.593020;182.330904
-0.582969;183.953792
-0.572918;185.651497
-0.562866;187.434307
-0.552815;189.294567
-0.542764;191.232277
-0.532713;193.247437
-0.522662;195.342764
-0.512611;197.507310
-0.502559;199.754739
-0.492508;202.094844
-0.482457;204.527627
-0.472406;207.053086
-0.462355;209.673362
-0.452303;212.409773
-0.442252;215.251700
-0.432201;218.206469
-0.422150;221.274080
-0.412099;224.454533
-0.402047;227.747334
-0.391996;231.155281
-0.381945;234.668251
-0.371894;238.284680
-0.361843;242.004569
-0.351792;245.827916
-0.341740;249.756368
-0.331689;253.762271
-0.321638;257.859122
-0.311587;262.038691
-0.301536;266.300978
-0.291484;270.645982
-0.281433;275.066709
-0.271382;279.558218
-0.261331;284.120018
-0.251280;288.769967
-0.241228;293.508067
-0.231177;306.548632
-0.221126;319.734444
-0.211075;333.170445
-0.201024;346.843630
-0.190973;360.748154
-0.180921;374.879076
-0.170870;389.231457
-0.160819;403.805543
-0.150768;418.584047
-0.140717;433.587746
-0.130665;448.822828
-0.120614;464.283854
-0.110563;479.965385
-0.100512;495.818071
-0.090461;511.723815
-0.080409;527.674579
-0.070358;543.658620
-0.060307;559.672674
-0.050256;575.713475
-0.040205;591.756360
-0.030154;607.787281
-0.020102;623.792069
-0.010051;639.701827
0.000000;655.514412
0.010051;671.227686
0.020102;686.801973
0.030154;702.228736
0.040205;717.492841
0.050256;732.583021
0.060307;747.497803
0.070358;762.235716
0.080409;776.793148
0.090461;791.147309
0.100512;805.277858
0.110563;819.194522
0.120614;832.895954
0.130665;846.380809
0.140717;859.656247
0.150768;872.733066
0.160819;885.619698
0.170870;898.316017
0.180921;910.820332
0.190973;923.130951
0.201024;935.244539
0.211075;947.187058
0.221126;958.956001
0.231177;970.553281
0.241228;981.977159
0.251280;993.225894
0.261331;1,004.303494
0.271382;1,015.154163
0.281433;1,025.777545
0.291484;1,036.154930
0.301536;1,046.285470
0.311587;1,047.953999
0.321638;1,049.316887
0.331689;1,050.268342
0.341740;1,050.823113
0.351792;1,050.955802
0.361843;1,050.670874
0.371894;1,049.972793
0.381945;1,048.824977
0.391996;1,047.248428
0.402047;1,045.222410
0.412099;1,042.740777
0.422150;1,039.809012
0.432201;1,036.432595
0.442252;1,032.660917
0.452303;1,028.612118
0.462355;1,024.253952
0.472406;1,019.595531
0.482457;1,014.640844
0.492508;1,009.393882
0.502559;1,003.870598
0.512611;998.082528
0.522662;992.044098
0.532713;985.824467
0.542764;979.426032
0.552815;972.851194
0.562866;966.226922
0.572918;959.648854
0.582969;953.140192
0.593020;946.700432
0.603071;940.331046
0.613122;934.033507
0.623174;927.818423
0.633225;921.661915
0.643276;915.584324
0.653327;909.575924
0.663378;903.638061
0.673430;897.772082
0.683481;891.970824
0.693532;886.223491
0.703583;880.523379
0.713634;874.854318
0.723685;869.217998
0.733737;863.616110
0.743788;858.026971
0.753839;852.462806
0.763890;846.926124
0.773941;841.415011
0.783993;835.931207
0.794044;830.476452
0.804095;825.046738
0.814146;819.697861
0.824197;814.431989
0.834248;809.275567
0.844300;804.229445
0.854351;799.294472
0.864402;794.481620
0.874453;789.767129
0.884504;785.141192
0.894556;780.634144
0.904607;776.246461
0.914658;771.978619
0.924709;767.872139
0.934760;763.910961
0.944812;760.095371
0.954863;756.399071
0.964914;752.822020
0.974965;749.364176
0.985016;746.036197
0.995067;742.884954
1.005119;739.945960
1.015170;737.213365
1.025221;734.686446
1.035272;732.364478
1.045323;730.234770
1.055375;728.289054
1.065426;726.518263
1.075477;724.917119
1.085528;723.485363
1.095579;722.222736
1.105631;721.024411
1.115682;719.763123
1.125733;718.417141
1.135784;716.988442
1.145835;715.477024
1.155886;713.882889
1.165938;712.196900
1.175989;710.444407
1.186040;708.627716
1.196091;706.792094
1.206142;704.937542
1.216194;703.064059
1.226245;701.182428
1.236296;699.333555
1.246347;697.525835
1.256398;695.777128
1.266450;694.087435
1.276501;692.456756
1.286552;690.908466
1.296603;689.432028
1.306654;688.044482
1.316705;686.721217
1.326757;685.462233
1.336808;684.267530
1.346859;683.140730
1.356910;682.056811
1.366961;681.014458
1.377013;679.988071
1.387064;678.977652
1.397115;677.983201
1.407166;676.994593
1.417217;676.036438
1.427268;675.092111
1.437320;674.147291
1.447371;673.201976
1.457422;672.256167
1.467473;671.309865
1.477524;670.354673
1.487576;669.390264
1.497627;668.442891
1.507678;667.512556
1.517729;666.599259
1.527780;665.692299
1.537832;664.744762
1.547883;663.766113
1.557934;662.786971
1.567985;661.807334
1.578036;660.827204
1.588087;659.832917
1.598139;658.832868
1.608190;657.835865
1.618241;656.846928
1.628292;655.866057
1.638343;654.893252
1.648395;653.946045
1.658446;653.064600
1.668497;652.242662
1.678548;651.452083
1.688599;650.692863
1.698651;649.965001
1.708702;649.276729
1.718753;648.632985
1.728804;648.031464
1.738855;647.426897
1.748906;646.819285
1.758958;646.208628
1.769009;645.584143
1.779060;644.904924
1.789111;644.182330
1.799162;643.424427
1.809214;642.631215
1.819265;641.802692
1.829316;640.941989
1.839367;640.049021
1.849418;639.106751
1.859470;638.139790
1.869521;637.148137
1.879572;636.131792
1.889623;635.087134
1.899674;634.039183
1.909725;632.971726
1.919777;631.885749
1.929828;630.781254
1.939879;629.658240
1.949930;628.519506
1.959981;627.369742
1.970033;626.225576
1.980084;625.101327
1.990135;623.996997
2.000186;622.912584
2.010237;621.848090
2.020289;620.811909
2.030340;619.815071
2.040391;618.860291
2.050442;617.947569
2.060493;617.076907
2.070544;616.240401
2.080596;615.428751
2.090647;614.632493
2.100698;613.821009
2.110749;612.994297
2.120800;612.152359
2.130852;611.308858
2.140903;610.455397
2.150954;609.594117
2.161005;608.732672
2.171056;607.871063
2.181107;607.009289
2.191159;606.150890
2.201210;605.280474
2.211261;604.404296
2.221312;603.550506
2.231363;602.719104
2.241415;601.910088
2.251466;601.115229
2.261517;600.329589
2.271568;599.548311
2.281619;598.766292
2.291671;597.983532
2.301722;597.200031
2.311773;596.417683
2.321824;595.679533
2.331875;594.974224
2.341926;594.293688
2.351978;593.637927
2.362029;593.006940
2.372080;592.397600
2.382131;591.809988
2.392182;591.238015
2.402234;590.676000
2.412285;590.123945
2.422336;589.581849
2.432387;589.040987
2.442438;588.488109
2.452490;587.939429
2.462541;587.393958
2.472592;586.851697
2.482643;586.312646
2.492694;585.774007
2.502745;585.231088
2.512797;584.690967
2.522848;584.169941
2.532899;583.668010
2.542950;583.185175
2.553001;582.756167
2.563053;582.352510
2.573104;581.963175
2.583155;581.585444
2.593206;581.219319
2.603257;580.864799
2.613309;580.529785
2.623360;580.223579
2.633411;579.958937
2.643462;579.725078
2.653513;579.522001
2.663564;579.349707
2.673616;579.176673
2.683667;579.051211
2.693718;578.971182
2.703769;578.928932
2.713820;578.924461
2.723872;578.957768
2.733923;579.025314
2.743974;579.142492
2.754025;579.294731
2.764076;579.475614
2.774128;579.685139
2.784179;579.923306
2.794230;580.214808
2.804281;580.507298
2.814332;580.805631
2.824383;581.114911
2.834435;581.435138
2.844486;581.766312
2.854537;582.106539
2.864588;582.412774
2.874639;582.695469
2.884691;582.966147
2.894742;583.224809
2.904793;583.471454
2.914844;583.662871
2.924895;583.826634
2.934946;583.968832
2.944998;584.095146
2.955049;584.205574
2.965100;584.300117
2.975151;584.387499
2.985202;584.480972
2.995254;584.564239
3.005305;584.637218
3.015356;584.699908
3.025407;584.752311
3.035458;584.825536
3.045510;584.934071
3.055561;585.070837
3.065612;585.219538
3.075663;585.380173
3.085714;585.552742
3.095765;585.702513
3.105817;585.857962
3.115868;586.017445
3.125919;586.171331
3.135970;586.319620
3.146021;586.462312
3.156073;586.577596
3.166124;586.632138
3.176175;586.613181
3.186226;586.531506
3.196277;586.387114
3.206329;586.180004
3.216380;585.941701
3.226431;585.623889
3.236482;585.238751
3.246533;584.782665
3.256584;584.255631
3.266636;583.657649
3.276687;583.020983
3.286738;582.363822
3.296789;581.700736
3.306840;581.038143
3.316892;580.376045
3.326943;579.714440
3.336994;579.028637
3.347045;578.370983
3.357096;577.745922
3.367148;577.167199
3.377199;576.634815
3.387250;576.148769
3.397301;575.674823
3.407352;575.215938
3.417403;574.761663
3.427455;574.300474
3.437506;573.832371
3.447557;573.357355
3.457608;572.918635
3.467659;572.488640
3.477711;572.054365
3.487762;571.616222
3.497813;571.174210
3.507864;570.728330
3.517915;570.303932
3.527966;569.883649
3.538018;569.483778
3.548069;569.104401
3.558120;568.745519
3.568171;568.407131
3.578222;568.058125
3.588274;567.684016
3.598325;567.293693
3.608376;566.878348
3.618427;566.437983
3.628478;565.972596
3.638530;565.468690
3.648581;564.939845
3.658632;564.387708
3.668683;563.821907
3.678734;563.242444
3.688785;562.649318
3.698837;562.064340
3.708888;561.520845
3.718939;561.019984
3.728990;560.559536
3.739041;560.139500
3.749093;559.759876
3.759144;559.432435
3.769195;559.169933
3.779246;558.960190
3.789297;558.806826
3.799349;558.709843
3.809400;558.669239
3.819451;558.652750
3.829502;558.642188
3.839553;558.630309
3.849604;558.616373
3.859656;558.600378
3.869707;558.582326
3.879758;558.565756
3.889809;558.512477
3.899860;558.418044
3.909912;558.268714
3.919963;558.064485
3.930014;557.805358
3.940065;557.525572
3.950116;557.222164
3.960168;556.909784
3.970219;556.603825
3.980270;556.304286
3.990321;556.011166
4.000372;555.704795
4.010423;555.426984
4.020475;555.190738
4.030526;554.995645
4.040577;554.841706
4.050628;554.728919
4.060679;554.631935
4.070731;554.568121
4.080782;554.518463
4.090833;554.469794
4.100884;554.422111
4.110935;554.375417
4.120987;554.343208
4.131038;554.308530
4.141089;554.262494
4.151140;554.213906
4.161191;554.162767
4.171242;554.109076
4.181294;554.066333
4.191345;554.020955
4.201396;553.979116
4.211447;553.946002
4.221498;553.921613
4.231550;553.905948
4.241601;553.900324
4.251652;553.902519
4.261703;553.911381
4.271754;553.929133
4.281805;553.955773
4.291857;553.991302
4.301908;554.023951
4.311959;554.040961
4.322010;554.039453
4.332061;554.022882
4.342113;553.991250
4.352164;553.944555
4.362215;553.888807
4.372266;553.829931
4.382317;553.775170
4.392369;553.725266
4.402420;553.680217
4.412471;553.640025
4.422522;553.601149
4.432573;553.601781
4.442624;553.647022
4.452676;553.733746
4.462727;553.861953
4.472778;554.031641
4.482829;554.214252
4.492880;554.395793
4.502932;554.561613
4.512983;554.696321
4.523034;554.799918
4.533085;554.872403
4.543136;554.933447
4.553188;554.941240
4.563239;554.905739
4.573290;554.828097
4.583341;554.708314
4.593392;554.546391
4.603443;554.355578
4.613495;554.153489
4.623546;553.959137
4.633597;553.785691
4.643648;553.633150
4.653699;553.501515
4.663751;553.377288
4.673802;553.277424
4.683853;553.187354
4.693904;553.092839
4.703955;552.993880
4.714007;552.890477
4.724058;552.801559
4.734109;552.706550
4.744160;552.599278
4.754211;552.474557
4.764262;552.332388
4.774314;552.172769
4.784365;551.994384
4.794416;551.799456
4.804467;551.596955
4.814518;551.397253
4.824570;551.200350
4.834621;551.006245
4.844672;550.798147
4.854723;550.607746
4.864774;550.437921
4.874826;550.285216
4.884877;550.149631
4.894928;550.031165
4.904979;549.923811
4.915030;549.821642
4.925081;549.701447
4.935133;549.577220
4.945184;549.448960
4.955235;549.316667
4.965286;549.185938
4.975337;549.035455
4.985389;548.860116
4.995440;548.663047
5.005491;548.444250
5.015542;548.203724
5.025593;547.970030
5.035644;547.757159
5.045696;547.597046
5.055747;547.474465
5.065798;547.389416
5.075849;547.341898
5.085900;547.324175
5.095952;547.349828
5.106003;547.408897
5.116054;547.500230
5.126105;547.623827
5.136156;547.779688
5.146208;547.954562
5.156259;548.130835
5.166310;548.292787
5.176361;548.443052
5.186412;548.581629
5.196463;548.708518
5.206515;548.823391
5.216566;548.901472
5.226617;548.957331
5.236668;549.005207
5.246719;549.045098
5.256771;549.077006
5.266822;549.082000
5.276873;549.080656
5.286924;549.079395
5.296975;549.061589
5.307027;549.027241
5.317078;548.976349
5.327129;548.927432
5.337180;548.896458
5.347231;548.874455
5.357282;548.851053
5.367334;548.826252
5.377385;548.800052
5.387436;548.789242
5.397487;548.762137
5.407538;548.710751
5.417590;548.668501
5.427641;548.635387
5.437692;548.611409
5.447743;548.592451
5.457794;548.576621
5.467846;548.587130
5.477897;548.609984
5.487948;548.645184
5.497999;548.692730
5.508050;548.747025
5.518101;548.829387
5.528153;548.944589
5.538204;549.072631
5.548255;549.213512
5.558306;549.367233
5.568357;549.518485
5.578409;549.671713
5.588460;549.794981
5.598511;549.903516
5.608562;549.997318
5.618613;550.076387
5.628664;550.148461
5.638716;550.199957
5.648767;550.228244
5.658818;550.241139
5.668869;550.238643
5.678920;550.220755
5.688972;550.193156
5.699023;550.148354
5.709074;550.102071
5.719125;550.051673
5.729176;549.997159
5.739228;549.938530
5.749279;549.876115
5.759330;549.834688
5.769381;549.820175
5.779432;549.838750
5.789483;549.890411
5.799535;549.975160
5.809586;550.092090
5.819637;550.252149
5.829688;550.448916
5.839739;550.699018
5.849791;551.002454
5.859842;551.359225
5.869893;551.750812
5.879944;552.161246
5.889995;552.587813
5.900047;553.005326
5.910098;553.413785
5.920149;553.813190
5.930200;554.209057
5.940251;554.590190
5.950302;554.964574
5.960354;555.298793
5.970405;555.592847
5.980456;555.846735
5.990507;556.064573
6.000558;556.248253
6.010610;556.387653
6.020661;556.502032
6.030712;556.591390
6.040763;556.655726
6.050814;556.700886
6.060866;556.728349
6.070917;556.733343
6.080968;556.735867
6.091019;556.735923
6.101070;556.733509
6.111121;556.743935
6.121173;556.762756
6.131224;556.797627
6.141275;556.841634
6.151326;556.894777
6.161377;556.957056
6.171429;557.029376
6.181480;557.108939
6.191531;557.198379
6.201582;557.289877
6.211633;557.383432
6.221685;557.479045
6.231736;557.571037
6.241787;557.666897
6.251838;557.776913
6.261889;557.908329
6.271940;558.061145
6.281992;558.235361
6.292043;558.403815
6.302094;558.577290
6.312145;558.749859
6.322196;558.915350
6.332248;559.073763
6.342299;559.225097
6.352350;559.370258
6.362401;559.498300
6.372452;559.602720
6.382503;559.675040
6.392555;559.715261
6.402606;559.723382
6.412657;559.715125
6.422708;559.689994
6.432759;559.650707
6.442811;559.622449
6.452862;559.605220
6.462913;559.599020
6.472964;559.598335
6.483015;559.614358
6.493067;559.645607
6.503118;559.700232
6.513169;559.778231
6.523220;559.879606
6.533271;560.007647
6.543322;560.166718
6.553374;560.366943
6.563425;560.589060
6.573476;560.833072
6.583527;561.098976
6.593578;561.380931
6.603630;561.677453
6.613681;561.985910
6.623732;562.296507
6.633783;562.609244
6.643834;562.924121
6.653886;563.238751
6.663937;563.537579
6.673988;563.812949
6.684039;564.071775
6.694090;564.314058
6.704141;564.539797
6.714193;564.748087
6.724244;564.941727
6.734295;565.120140
6.744346;565.309582
6.754397;565.510053
6.764449;565.721554
6.774500;565.952067
6.784551;566.227107
6.794602;566.536387
6.804653;566.872664
6.814705;567.235937
6.824756;567.626207
6.834807;568.070634
6.844858;568.558436
6.854909;569.090519
6.864960;569.624413
6.875012;570.160118
6.885063;570.697634
6.895114;571.227577
6.905165;571.693980
6.915216;572.103344
6.925268;572.464148
6.935319;572.776391
6.945370;573.040074
6.955421;573.239475
6.965472;573.375089
6.975523;573.456216
6.985575;573.507466
6.995626;573.528838
7.005677;573.520334
7.015728;573.478742
7.025779;573.458962
7.035831;573.462474
7.045882;573.481131
7.055933;573.514932
7.065984;573.563877
7.076035;573.624674
7.086087;573.692962
7.096138;573.746928
7.106189;573.786655
7.116240;573.812143
7.126291;573.823392
7.136342;573.832171
7.146394;573.816342
7.156445;573.778536
7.166496;573.728549
7.176547;573.666381
7.186598;573.592032
7.196650;573.507888
7.206701;573.429505
7.216752;573.380341
7.226803;573.349779
7.236854;573.337817
7.246906;573.344457
7.256957;573.365172
7.267008;573.400536
7.277059;573.451128
7.287110;573.490690
7.297161;573.519224
7.307213;573.536728
7.317264;573.535219
7.327315;573.489183
7.337366;573.381747
7.347417;573.225749
7.357469;573.021191
7.367520;572.768072
7.377571;572.454952
7.387622;572.073353
7.397673;571.622370
7.407725;571.144473
7.417776;570.639662
7.427827;570.107936
7.437878;569.558679
7.447929;569.047859
7.457980;568.594736
7.468032;568.208364
7.478083;567.888741
7.488134;567.635870
7.498185;567.456826
7.508236;567.380748
7.518288;567.398335
7.528339;567.484977
7.538390;567.640673
7.548441;567.865425
7.558492;568.162441
7.568544;568.476824
7.578595;568.792524
7.588646;569.077771
7.598697;569.332564
7.608748;569.556904
7.618799;569.756717
7.628851;569.916611
7.638902;570.058398
7.648953;570.181995
7.659004;570.287403
7.669055;570.374620
7.679107;570.431879
7.689158;570.481318
7.699209;570.526642
7.709260;570.592542
7.719311;570.679019
7.729362;570.786073
7.739414;570.906707
7.749465;571.037547
7.759516;571.155136
7.769567;571.270090
7.779618;571.382412
7.789670;571.492099
7.799721;571.603679
7.809772;571.716577
7.819823;571.826264
7.829874;571.926733
7.839926;572.017984
7.849977;572.100016
7.860028;572.178427
7.870079;572.258814
7.880130;572.358048
7.890181;572.463291
7.900233;572.574542
7.910284;572.691802
7.920335;572.826510
7.930386;572.987145
7.940437;573.177328
7.950489;573.387758
7.960540;573.618436
7.970591;573.869361
7.980642;574.140698
7.990693;574.430636
8.000745;574.719915
8.010796;574.999483
8.020847;575.269338
8.030898;575.529482
8.040949;575.772834
8.051000;575.970260
8.061052;576.130566
8.071103;576.263875
8.081154;576.370188
8.091205;576.449504
8.101256;576.495322
8.111308;576.510604
8.121359;576.511400
8.131410;576.529481
8.141461;576.564845
8.151512;576.617494
8.161564;576.681502
8.171615;576.772259
8.181666;576.879888
8.191717;577.014762
8.201768;577.176878
8.211819;577.366238
8.221871;577.586792
8.231922;577.822572
8.241973;578.069876
8.252024;578.304010
8.262075;578.524976
8.272127;578.732772
8.282178;578.934396
8.292229;579.133221
8.302280;579.325297
8.312331;579.489882
8.322383;579.626978
8.332434;579.736583
8.342485;579.817051
8.352536;579.875544
8.362587;579.916588
8.372638;579.946191
8.382690;579.964354
8.392741;579.971076
8.402792;579.960761
8.412843;579.927812
8.422894;579.893052
8.432946;579.869403
8.442997;579.856865
8.453048;579.855439
8.463099;579.873520
8.473150;579.915963
8.483201;579.979147
8.493253;580.072373
8.503304;580.195641
8.513355;580.348951
8.523406;580.532137
8.533457;580.747012
8.543509;580.953163
8.553560;581.143510
8.563611;581.318055
8.573662;581.476797
8.583713;581.601958
8.593765;581.673949
8.603816;581.683963
8.613867;581.621877
8.623918;581.487691
8.633969;581.281405
8.644020;581.009520
8.654072;580.669074
8.664123;580.298916
8.674174;579.894354
8.684225;579.455387
8.694276;578.982017
8.704328;578.490868
8.714379;578.019555
8.724430;577.577955
8.734481;577.155697
8.744532;576.752781
8.754584;576.369206
8.764635;576.001023
8.774686;575.664199
8.784737;575.335523
8.794788;575.021662
8.804839;574.722617
8.814891;574.438386
8.824942;574.172181
8.834993;573.895193
8.845044;573.611374
8.855095;573.341465
8.865147;573.085465
8.875198;572.843376
8.885249;572.616842
8.895300;572.398703
8.905351;572.199166
8.915403;572.025390
8.925454;571.877377
8.935505;571.755125
8.945556;571.642503
8.955607;571.554161
8.965658;571.469276
8.975710;571.374927
8.985761;571.271111
8.995812;571.157831
9.005863;571.026690
9.015914;570.872833
9.025966;570.698975
9.036017;570.495158
9.046068;570.261381
9.056119;569.997644
9.066170;569.713414
9.076221;569.407043
9.086273;569.118944
9.096324;568.856195
9.106375;568.618797
9.116426;568.406749
9.126477;568.237830
9.136529;568.131628
9.146580;568.088390
9.156631;568.108034
9.166682;568.190560
9.176733;568.335969
9.186785;568.536358
9.196836;568.778311
9.206887;569.022981
9.216938;569.275058
9.226989;569.534543
9.237040;569.801435
9.247092;570.059109
9.257143;570.269951
9.267194;570.434372
9.277245;570.555418
9.287296;570.633088
9.297348;570.667383
9.307399;570.668837
9.317450;570.632431
9.327501;570.581374
9.337552;570.509000
9.347604;570.415309
9.357655;570.300300
9.367706;570.160764
9.377757;570.025507
9.387808;569.887864
9.397859;569.749316
9.407911;569.609862
9.417962;569.469503
9.428013;569.317950
9.438064;569.185246
9.448115;569.061183
9.458167;568.938602
9.468218;568.817503
9.478269;568.697885
9.488320;568.595880
9.498371;568.496839
9.508423;568.404300
9.518474;568.320567
9.528525;568.245641
9.538576;568.179523
9.548627;568.131840
9.558678;568.086545
9.568730;568.040920
9.578781;568.004925
9.588832;567.978561
9.598883;567.961825
9.608934;567.945255
9.618986;567.930495
9.629037;567.920591
9.639088;567.889124
9.649139;567.836091
9.659190;567.761495
9.669242;567.661713
9.679293;567.525551
9.689344;567.352763
9.699395;567.143432
9.709446;566.897556
9.719497;566.615136
9.729549;566.304073
9.739600;565.977784
9.749651;565.624087
9.759702;565.280267
9.769753;564.946323
9.779805;564.622257
9.789856;564.301071
9.799907;564.006222
9.809958;563.737301
9.820009;563.491260
9.830060;563.268101
9.840112;563.067823
9.850163;562.879891
9.860214;562.709325
9.870265;562.575880
9.880316;562.470418
9.890368;562.392941
9.900419;562.343448
9.910470;562.324738
9.920521;562.320513
9.930572;562.337441
9.940624;562.374041
9.950675;562.430311
9.960726;562.506253
9.970777;562.612154
9.980828;562.717973
9.990879;562.808813
10.000931;562.870845
10.010982;562.904069
10.021033;562.908487
10.031084;562.895373
10.041135;562.887116
10.051187;562.880175
10.061238;562.872247
10.071289;562.863331
10.081340;562.853427
10.091391;562.832906
10.101443;562.817817
10.111494;562.809889
10.121545;562.830767
10.131596;562.880454
10.141647;562.958947
10.151698;563.059416
10.161750;563.148033
10.171801;563.221752
10.181852;563.306995
10.191903;563.403760
10.201954;563.512048
10.212006;563.635481
10.222057;563.785251
10.232108;563.963170
10.242159;564.155246
10.252210;564.361479
10.262262;564.581868
10.272313;564.808760
10.282364;565.078204
10.292415;565.402381
10.302466;565.744008
10.312517;566.103083
10.322569;566.479607
10.332620;566.880577
10.342671;567.282534
10.352722;567.683339
10.362773;568.086283
10.372825;568.491368
10.382876;568.898592
10.392927;569.320056
10.402978;569.729091
10.413029;570.105945
10.423081;570.459753
10.433132;570.790515
10.443183;571.098231
10.453234;571.380103
10.463285;571.652428
10.473336;571.913230
10.483388;572.149257
10.493439;572.360510
10.503490;572.546989
10.513541;572.706801
10.523592;572.841263
10.533644;572.965272
10.543695;573.092655
10.553746;573.223413
10.563797;573.357545
10.573848;573.483776
10.583899;573.579718
10.593951;573.657470
10.604002;573.745923
10.614053;573.845075
10.624104;573.954927
10.634155;574.073421
10.644207;574.191915
10.654258;574.308681
10.664309;574.402072
10.674360;574.472087
10.684411;574.518728
10.694463;574.548825
10.704514;574.596207
10.714565;574.646469
10.724616;574.679858
10.734667;574.696375
10.744718;574.696019
10.754770;574.673522
10.764821;574.647898
10.774872;574.617335
10.784923;574.595827
10.794974;574.583371
10.805026;574.579970
10.815077;574.593277
10.825128;574.587241
10.835179;574.574457
10.845230;574.539121
10.855282;574.481232
10.865333;574.400792
10.875384;574.293109
10.885435;574.160733
10.895486;574.005806
10.905537;573.825034
10.915589;573.618418
10.925640;573.385959
10.935691;573.115555
10.945742;572.833876
10.955793;572.537711
10.965845;572.251752
10.975896;571.975999
10.985947;571.710452
10.995998;571.471655
11.006049;571.239030
11.016101;571.014554
11.026152;570.811478
11.036203;570.629801
11.046254;570.469523
11.056305;570.332539
11.066356;570.217530
11.076408;570.128777
11.086459;570.057637
11.096510;570.004111
11.106561;569.968199
11.116612;569.934509
11.126664;569.935881
11.136715;569.960217
11.146766;569.978626
11.156817;569.991110
11.166868;569.997667
11.176919;570.000357
11.186971;570.007820
11.197022;570.010591
11.207073;570.004803
11.217124;569.990454
11.227175;569.967546
11.237227;569.953445
11.247278;569.919919
11.257329;569.881373
11.267380;569.857560
11.277431;569.848479
11.287483;569.854131
11.297534;569.879784
11.307585;569.906424
11.317636;569.928126
11.327687;569.959458
11.337738;570.000420
11.347790;570.051011
11.357841;570.104648
11.367892;570.179108
11.377943;570.261799
11.387994;570.368523
11.398046;570.499281
11.408097;570.654072
11.418148;570.837588
11.428199;571.047278
11.438250;571.289890
11.448302;571.558840
11.458353;571.854128
11.468404;572.175754
11.478455;572.523060
11.488506;572.877114
11.498557;573.241128
11.508609;573.590409
11.518660;573.924957
11.528711;574.244772
11.538762;574.533311
11.548813;574.811151
11.558865;575.086603
11.568916;575.358845
11.578967;575.627877
11.589018;575.893700
11.599069;576.148740
11.609121;576.406826
11.619172;576.663677
11.629223;576.927935
11.639274;577.199601
11.649325;577.478675
11.659376;577.780548
11.669428;578.072379
11.679479;578.336390
11.689530;578.559990
11.699581;578.743177
11.709632;578.885951
11.719684;578.993005
11.729735;579.063514
11.739786;579.106945
11.749837;579.127165
11.759888;579.124175
11.769940;579.097975
11.779991;579.031198
11.790042;578.952074
11.800093;578.881676
11.810144;578.833088
11.820195;578.806311
11.830247;578.801346
11.840298;578.814324
11.850349;578.833145
11.860400;578.863736
11.870451;578.891528
11.880503;578.916523
11.890554;578.938718
11.900605;578.964700
11.910656;578.976690
11.920707;578.957650
11.930758;578.913178
11.940810;578.843273
11.950861;578.747935
11.960912;578.637865
11.970963;578.525325
11.981014;578.403567
11.991066;578.279176
12.001117;578.152150
12.011168;578.022491
12.021219;577.890856
12.031270;577.776176
12.041322;577.691456
12.051373;577.622128
12.061424;577.568190
12.071475;577.529644
12.081526;577.493896
12.091577;577.453210
12.101629;577.399272
12.111680;577.332906
12.121731;577.254112
12.131782;577.162890
12.141833;577.066811
12.151885;576.952050
12.161936;576.803789
12.171987;576.644911
12.182038;576.475415
12.192089;576.295302
12.202141;576.112802
12.212192;575.925528
12.222243;575.751259
12.232294;575.602587
12.242345;575.479512
12.252396;575.382035
12.262448;575.305463
12.272499;575.250620
12.282550;575.242115
12.292601;575.245463
12.302652;575.260663
12.312704;575.287715
12.322755;575.335837
12.332806;575.422232
12.342857;575.525828
12.352908;575.633540
12.362960;575.745368
12.373011;575.861310
12.383062;575.985237
12.393113;576.129246
12.403164;576.262719
12.413215;576.409938
12.423267;576.570903
12.433318;576.745612
12.443369;576.917276
12.453420;577.075442
12.463471;577.237147
12.473523;577.396794
12.483574;577.554384
12.493625;577.709916
12.503676;577.852690
12.513727;577.970443
12.523779;578.085892
12.533830;578.187514
12.543881;578.275307
12.553932;578.349274
12.563983;578.390647
12.574034;578.396628
12.584086;578.354214
12.594137;578.277971
12.604188;578.167901
12.614239;578.024002
12.624290;577.858869
12.634342;577.680237
12.644393;577.495597
12.654444;577.312192
12.664495;577.130021
12.674546;576.949085
12.684597;576.806998
12.694649;576.698162
12.704700;576.637393
12.714751;576.601809
12.724802;576.591412
12.734853;576.606200
12.744905;576.637943
12.754956;576.689029
12.765007;576.723982
12.775058;576.750952
12.785109;576.769937
12.795161;576.780939
12.805212;576.769719
12.815263;576.742449
12.825314;576.674519
12.835365;576.600416
12.845416;576.520141
12.855468;576.433692
12.865519;576.331852
12.875570;576.197419
12.885621;576.051381
12.895672;575.871103
12.905724;575.656586
12.915775;575.407830
12.925826;575.124587
12.935877;574.803318
12.945928;574.474642
12.955980;574.114278
12.966031;573.722227
12.976082;573.298487
12.986133;572.859850
12.996184;572.416768
13.006235;571.965044
13.016287;571.531839
13.026338;571.117153
13.036389;570.720986
13.046440;570.343502
13.056491;570.012275
13.066543;569.704587
13.076594;569.431962
13.086645;569.194399
13.096696;568.991898
13.106747;568.843226
13.116799;568.751181
13.126850;568.720618
13.136901;568.727341
13.146952;568.771348
13.157003;568.852639
13.167054;568.971874
13.177106;569.089051
13.187157;569.196681
13.197208;569.287520
13.207259;569.361569
13.217310;569.418827
13.227362;569.421681
13.237413;569.375727
13.247464;569.287221
13.257515;569.169002
13.267566;569.021071
13.277617;568.843427
13.287669;568.641503
13.297720;568.457357
13.307771;568.326463
13.317822;568.240673
13.327873;568.199986
13.337925;568.204404
13.347976;568.268164
13.358027;568.385095
13.368078;568.548199
13.378129;568.754761
13.388181;569.004780
13.398232;569.298258
13.408283;569.628937
13.418334;569.970070
13.428385;570.300667
13.438436;570.643364
13.448488;570.998159
13.458539;571.365054
13.468590;571.744294
13.478641;572.139420
13.488692;572.541542
13.498744;572.949918
13.508795;573.364551
13.518846;573.785438
13.528897;574.214885
13.538948;574.645403
13.549000;575.081187
13.559051;575.495079
13.569102;575.887077
13.579153;576.257181
13.589204;576.605228
13.599255;576.903643
13.609307;577.164445
13.619358;577.375287
13.629409;577.536169
13.639460;577.647091
13.649511;577.704349
13.659563;577.707779
13.669614;577.652524
13.679665;577.562784
13.689716;577.438556
13.699767;577.279843
13.709819;577.085985
13.719870;576.896983
13.729921;576.707898
13.739972;576.531983
13.750023;576.369236
13.760074;576.219659
13.770126;576.081686
13.780177;575.962727
13.790228;575.856525
13.800279;575.750240
13.810330;575.643874
13.820382;575.537425
13.830433;575.425461
13.840484;575.265925
13.850535;575.056264
13.860586;574.801087
13.870638;574.500395
13.880689;574.154188
13.890740;573.769215
13.900791;573.349179
13.910842;572.901076
13.920893;572.427624
13.930945;571.928821
13.940996;571.404667
13.951047;570.861419
13.961098;570.325825
13.971149;569.805375
13.981201;569.292415
13.991252;568.786946
14.001303;568.288966
14.011354;567.795595
14.021405;567.309878
14.031456;566.840706
14.041508;566.388817
14.051559;565.954213
14.061610;565.536893
14.071661;565.134553
14.081712;564.754682
14.091764;564.390286
14.101815;564.049511
14.111866;563.732358
14.121917;563.438826
14.131968;563.152538
14.142020;562.870941
14.152071;562.582019
14.162122;562.298118
14.172173;562.019237
14.182224;561.745377
14.192275;561.480242
14.202327;561.223995
14.212378;560.974498
14.222429;560.717758
14.232480;560.453775
14.242531;560.182549
14.252583;559.940706
14.262634;559.730715
14.272685;559.557516
14.282736;559.407856
14.292787;559.281736
14.302839;559.179155
14.312890;559.101678
14.322941;559.041897
14.332992;559.018907
14.343043;559.045712
14.353094;559.122312
14.363146;559.248707
14.373197;559.395515
14.383248;559.550635
14.393299;559.716620
14.403350;559.888860
14.413402;560.067356
14.423453;560.252106
14.433504;560.436363
14.443555;560.616422
14.453606;560.766440
14.463658;560.876045
14.473709;560.945238
14.483760;560.974018
14.493811;560.978765
14.503862;560.963593
14.513913;560.921014
14.523965;560.858681
14.534016;560.776595
14.544067;560.674755
14.554118;560.556043
14.564169;560.417412
14.574221;560.272361
14.584272;560.132249
14.594323;559.997075
14.604374;559.866840
14.614425;559.723682
14.624477;559.560606
14.634528;559.384609
14.644579;559.187540
14.654630;558.969402
14.664681;558.730193
14.674732;558.486292
14.684784;558.240252
14.694835;557.996187
14.704886;557.753274
14.714937;557.511513
14.724988;557.270905
14.735040;557.050215
14.745091;556.878003
14.755142;556.756410
14.765193;556.699427
14.775244;556.707055
14.785295;556.779293
14.795347;556.879515
14.805398;557.005252
14.815449;557.144652
14.825500;557.286768
14.835551;557.431600
14.845603;557.579148
14.855654;557.712375
14.865705;557.814243
14.875756;557.865658
14.885807;557.853614
14.895859;557.778112
14.905910;557.639153
14.915961;557.466118
14.926012;557.271107
14.936063;557.061693
14.946114;556.840345
14.956166;556.607062
14.966217;556.361844
14.976268;556.123623
14.986319;555.898817
14.996370;555.713272
15.006422;555.577357
15.016473;555.491074
15.026524;555.454420
15.036575;555.451019
15.046626;555.476754
15.056678;555.530144
15.066729;555.629707
15.076780;555.775445
15.086831;555.967356
15.096882;556.209721
15.106933;556.482951
15.116985;556.773548
15.127036;557.070153
15.137087;557.372766
15.147138;557.681388
15.157189;558.013878
15.167241;558.377234
15.177292;558.776392
15.187343;559.191683
15.197394;559.623105
15.207445;560.070660
15.217497;560.506610
15.227548;560.947662
15.237599;561.389702
15.247650;561.833553
15.257701;562.279215
15.267752;562.726687
15.277804;563.157204
15.287855;563.542206
15.297906;563.877331
15.307957;564.165458
15.318008;564.406589
15.328060;564.600722
15.338111;564.750822
15.348162;564.862073
15.358213;564.946328
15.368264;565.014533
15.378315;565.066688
15.388367;565.102794
15.398418;565.139887
15.408469;565.195005
15.418520;565.259095
15.428571;565.330427
15.438623;565.409003
15.448674;565.494821
15.458725;565.625250
15.468776;565.799301
15.478827;566.009402
15.488879;566.253084
15.498930;566.530347
15.508981;566.841191
15.519032;567.166685
15.529083;567.500410
15.539134;567.862943
15.549186;568.259467
15.559237;568.689985
15.569288;569.154494
15.579339;569.615547
15.589390;570.056600
15.599442;570.479133
15.609493;570.864629
15.619544;571.213087
15.629595;571.524507
15.639646;571.794609
15.649698;572.042983
15.659749;572.247899
15.669800;572.407052
15.679851;572.520443
15.689902;572.588072
15.699953;572.615453
15.710005;572.613122
15.720056;572.576139
15.730107;572.524177
15.740158;572.457235
15.750209;572.375313
15.760261;572.306149
15.770312;572.233034
15.780363;572.173088
15.790414;572.127134
15.800465;572.095173
15.810517;572.077203
15.820568;572.081209
15.830619;572.107273
15.840670;572.159758
15.850721;572.235782
15.860772;572.335345
15.870824;572.458449
15.880875;572.602128
15.890926;572.761200
15.900977;572.922081
15.911028;573.086338
15.921080;573.253969
15.931131;573.424974
15.941182;573.597050
15.951233;573.764928
15.961284;573.937662
15.971336;574.116980
15.981387;574.302883
15.991438;574.495371
16.001489;574.657076
16.011540;574.788986
16.021591;574.903118
16.031643;575.000953
16.041694;575.082491
16.051745;575.147733
16.061796;575.188942
16.071847;575.211961
16.081899;575.196213
16.091950;575.136514
16.102001;575.032864
16.112052;574.885262
16.122103;574.731157
16.132154;574.587094
16.142206;574.444925
16.152257;574.294524
16.162308;574.135893
16.172359;573.969031
16.182410;573.803733
16.192462;573.638517
16.202513;573.495113
16.212564;573.375824
16.222615;573.280651
16.232666;573.209594
16.242718;573.157138
16.252769;573.112748
16.262820;573.073543
16.272871;573.042157
16.282922;573.018591
16.292973;573.002843
16.303025;573.012446
16.313076;573.042461
16.323127;573.075768
16.333178;573.111545
16.343229;573.149790
16.353281;573.190505
16.363332;573.225705
16.373383;573.255308
16.383434;573.297998
16.393485;573.362829
16.403537;573.449800
16.413588;573.558911
16.423639;573.650902
16.433690;573.735733
16.443741;573.826984
16.453792;573.923091
16.463844;574.024054
16.473895;574.129873
16.483946;574.242852
16.493997;574.368260
16.504048;574.482886
16.514100;574.585824
16.524151;574.677075
16.534202;574.756638
16.544253;574.842210
16.554304;574.922267
16.564356;574.984793
16.574407;575.028306
16.584458;575.052806
16.594509;575.058294
16.604560;575.052505
16.614611;575.029597
16.624663;575.007430
16.634714;574.977032
16.644765;574.938403
16.654816;574.891544
16.664867;574.845590
16.674919;574.809431
16.684970;574.791214
16.695021;574.801064
16.705072;574.838980
16.715123;574.904963
16.725174;574.989218
16.735226;575.093226
16.745277;575.208675
16.755328;575.353178
16.765379;575.526735
16.775430;575.729346
16.785482;575.955167
16.795533;576.213006
16.805584;576.505743
16.815635;576.830743
16.825686;577.188008
16.835738;577.577537
16.845789;577.981798
16.855840;578.405731
16.865891;578.846454
16.875942;579.304873
16.885993;579.780988
16.896045;580.274799
16.906096;580.795277
16.916147;581.324809
16.926198;581.844711
16.936249;582.345929
16.946301;582.828464
16.956352;583.292315
16.966403;583.776743
16.976454;584.271789
16.986505;584.783542
16.996557;585.273156
17.006608;585.740628
17.016659;586.185961
17.026710;586.580016
17.036761;586.923783
17.046812;587.240471
17.056864;587.530985
17.066915;587.795326
17.076966;588.033493
17.087017;588.227791
17.097068;588.389743
17.107120;588.501817
17.117171;588.603686
17.127222;588.695348
17.137273;588.776804
17.147324;588.865915
17.157376;588.964491
17.167427;589.054672
17.177478;589.145429
17.187529;589.236762
17.197580;589.328671
17.207631;589.412020
17.217683;589.477921
17.227734;589.549418
17.237785;589.603713
17.247836;589.640806
17.257887;589.660698
17.267939;589.665856
17.277990;589.672578
17.288041;589.689177
17.298092;589.698039
17.308143;589.699165
17.318195;589.692553
17.328246;589.684049
17.338297;589.664844
17.348348;589.632965
17.358399;589.614254
17.368450;589.608713
17.378502;589.616340
17.388553;589.648001
17.398604;589.693984
17.408655;589.757168
17.418706;589.836649
17.428758;589.932427
17.438809;590.044501
17.448860;590.163900
17.458911;590.308239
17.468962;590.469285
17.479013;590.626463
17.489065;590.779773
17.499116;590.929214
17.509167;591.079972
17.519218;591.218385
17.529269;591.338360
17.539321;591.478748
17.549372;591.639547
17.559423;591.820759
17.569474;592.051519
17.579525;592.330839
17.589577;592.658309
17.599628;593.056727
17.609679;593.526093
17.619730;594.066407
17.629781;594.666640
17.639832;595.357739
17.649884;596.157235
17.659935;597.025457
17.669986;597.962405
17.680037;598.968079
17.690088;600.024618
17.700140;601.130211
17.710191;602.298687
17.720242;603.498932
17.730293;604.730948
17.740344;605.994735
17.750396;607.266587
17.760447;608.544694
17.770498;609.806011
17.780549;611.073337
17.790600;612.346670
17.800651;613.626012
17.810703;614.908894
17.820754;616.179017
17.830805;617.419346
17.840856;618.650704
17.850907;619.873090
17.860959;621.086505
17.871010;622.339509
17.881061;623.614077
17.891112;624.912185
17.901163;626.207988
17.911215;627.501487
17.921266;628.792681
17.931317;630.070706
17.941368;631.345275
17.951419;632.634164
17.961470;633.928651
17.971522;635.228734
17.981573;636.534414
17.991624;637.820094
18.001675;639.085691
18.011726;640.339436
18.021778;641.601905
18.031829;642.873099
18.041880;644.153017
18.051931;645.436474
18.061982;646.737134
18.072034;648.040427
18.082085;649.358618
18.092136;650.691706
18.102187;652.039691
18.112238;653.398376
18.122289;654.777062
18.132341;656.176160
18.142392;657.572871
18.152443;658.967195
18.162494;660.359132
18.172545;661.759711
18.182597;663.137985
18.192648;664.499551
18.202699;665.854368
18.212750;667.202436
18.222801;668.543755
18.232852;669.879806
18.242904;671.299829
18.252955;672.873300
18.263006;674.632521
18.273057;676.578684
18.283108;678.712981
18.293160;681.060307
18.303211;683.623665
18.313262;686.403075
18.323313;689.368739
18.333364;692.521118
18.343416;695.860677
18.353467;699.370835
18.363518;703.008746
18.373569;706.790608
18.383620;710.694757
18.393671;714.720352
18.403723;718.866554
18.413774;723.083961
18.423825;727.389758
18.433876;731.777984
18.443927;736.253488
18.453979;740.815443
18.464030;745.463020
18.474081;750.207325
18.484132;755.037971
18.494183;759.936396
18.504235;764.910540
18.514286;769.959617
18.524337;775.082843
18.534388;780.305031
18.544439;785.625478
18.554490;791.037431
18.564542;796.505828
18.574593;802.029169
18.584644;807.605953
18.594695;813.198647
18.604746;818.785692
18.614798;824.379198
18.624849;829.964440
18.634900;835.538959
18.644951;841.100296
18.655002;846.650188
18.665054;852.176875
18.675105;857.678152
18.685156;863.154256
18.695207;868.602774
18.705258;874.021293
18.715309;879.401232
18.725361;884.758871
18.735412;890.086397
18.745463;895.371636
18.755514;900.612371
18.765565;905.806385
18.775617;910.949981
18.785668;915.951703
18.795719;920.701052
18.805770;925.189050
18.815821;929.411844
18.825872;933.365580
18.835924;937.047123
18.845975;940.429621
18.856026;943.510074
18.866077;946.315303
18.876128;948.841864
18.886180;951.086315
18.896231;953.062256
18.906282;954.809554
18.916333;956.332602
18.926384;957.586521
18.936436;958.568683
18.946487;959.276460
18.956538;959.683191
18.966589;959.744460
18.976640;959.461897
18.986691;958.826323
18.996743;957.834235
19.006794;956.482129
19.016845;954.754570
19.026896;952.657614
19.036947;942.802650
19.046999;932.662663
19.057050;922.238437
19.067101;911.530757
19.077152;900.542548
19.087203;889.305295
19.097255;877.825750
19.107306;866.138977
19.117357;854.246474
19.127408;842.149743
19.137459;829.886317
19.147510;817.477755
19.157562;804.935651
19.167613;792.286912
19.177664;779.533995
19.187715;766.679362
19.197766;753.747529
19.207818;740.755278
19.217869;727.704814
19.227920;714.595900
19.237971;701.430949
19.248022;688.212373
19.258074;674.948754
19.268125;661.623812
19.278176;648.235647
19.288227;634.780385
19.298278;621.260242
19.308329;607.677435
19.318381;594.037965
19.328432;580.327587
19.338483;566.573498
19.348534;552.783485
19.358585;538.960209
19.368637;525.106332
19.378688;511.223798
19.388739;497.338267
19.398790;483.461031
19.408841;469.608074
19.418893;455.782376
19.428944;441.986916
19.438995;428.230188
19.449046;414.560606
19.459097;400.974614
19.469148;387.517933
19.479200;374.194032
19.489251;361.006379
19.499302;347.982473
19.509353;335.167573
19.519404;322.567161
19.529456;310.194704
19.539507;298.054532
19.549558;286.150976
19.559609;274.493223
19.569660;263.059595
19.579711;259.239486
19.589763;255.560697
19.599814;252.023228
19.609865;248.627078
19.619916;245.370109
19.629967;242.221620
19.640019;239.188606
19.650070;236.260615
19.660121;233.437647
19.670172;230.719701
19.680223;228.113116
19.690275;225.629579
19.700326;223.259954
19.710377;220.979796
19.720428;218.789105
19.730479;216.687881
19.740530;214.654065
19.750582;212.673337
19.760633;210.736150
19.770684;208.857975
19.780735;207.038815
19.790786;205.278668
19.800838;203.575394
19.810889;201.923069
19.820940;200.325806
19.830991;198.789696
19.841042;197.314741
19.851094;195.900939
19.861145;194.544504
19.871196;193.261898
19.881247;192.055014
19.891298;190.904098
19.901349;189.809151
19.911401;188.770171
19.921452;187.788477
19.931503;186.876414
19.941554;186.025670
19.951605;185.223239
19.961657;184.469121
19.971708;183.763318
19.981759;183.100314
19.991810;182.434676
20.001861;181.775376
20.011913;181.146611
20.021964;180.548382
20.032015;179.980688
20.042066;179.439168
20.052117;178.930242
20.062168;178.452756
20.072220;177.997575
20.082271;177.564699
20.092322;177.154129
20.102373;176.761007
20.112424;176.411343
20.122476;176.096988
20.132527;175.805597
20.142578;175.537169
20.152629;175.291705
20.162680;175.076200
20.172732;174.872301
20.182783;174.673010
20.192834;174.488782
20.202885;174.319615
20.212936;174.165511
20.222987;174.020131
20.233039;173.871788
20.243090;173.724186
20.253141;173.574362
20.263192;173.422315
20.273243;173.268046
20.283295;173.104230
20.293346;172.944611
20.303397;172.798737
20.313448;172.651135
20.323499;172.501805
20.333550;172.350746
20.343602;172.200098
20.353653;172.055788
20.363704;171.917157
20.373755;171.788321
20.383806;171.668486
20.393858;171.557651
20.403909;171.455817
20.413960;171.362985
20.424011;171.277259
20.434062;171.218396
20.444114;171.186393
20.454165;171.181252
20.464216;171.201655
20.474267;171.235257
20.484318;171.282057
20.494369;171.342056
20.504421;171.415253
20.514472;171.501648
20.524523;171.601242
20.534574;171.714035
20.544625;171.831054
20.554677;171.928103
20.564728;172.005181
20.574779;172.062287
20.584830;172.103785
20.594881;172.123255
20.604933;172.120695
20.614984;172.096107
20.625035;172.049491
20.635086;171.980845
